PlayerID,Name,FName,Headshot
4042581,Matsuyama,Hideki,https://datagolf.com/static/players/headshot_32839.png
4042582,Cantlay,Patrick,https://datagolf.com/static/players/headshot_35450.png
4042583,Clark,Wyndham,https://datagolf.com/static/players/headshot_51766.png
4042584,Scheffler,Scottie,https://datagolf.com/static/players/headshot_46046.png
4042585,Taylor,Nick,https://datagolf.com/static/players/headshot_25493.png
4042586,Fox,Ryan,https://datagolf.com/static/players/headshot_29936.png
4042587,Spieth,Jordan,https://datagolf.com/static/players/headshot_34046.png
4042588,Vegas,Jhonattan,https://datagolf.com/static/players/headshot_27064.png
4042590,Day,Jason,https://datagolf.com/static/players/headshot_28089.png
4042591,Bezuidenhout,Christiaan,https://datagolf.com/static/players/headshot_45522.png
4042592,Thompson,Davis,https://datagolf.com/static/players/headshot_58168.png
4042594,Rodgers,Patrick,https://datagolf.com/static/players/headshot_36699.png
4042595,Hadwin,Adam,https://datagolf.com/static/players/headshot_33399.png
4042596,Fowler,Rickie,https://datagolf.com/static/players/headshot_32102.png
4042597,Horschel,Billy,https://datagolf.com/static/players/headshot_29420.png
4042599,English,Harris,https://datagolf.com/static/players/headshot_34099.png
4042600,Van Rooyen,Erik,https://datagolf.com/static/players/headshot_40006.png
4042601,Hughes,Mackenzie,https://datagolf.com/static/players/headshot_35506.png
4042602,Yu,Kevin,https://datagolf.com/static/players/headshot_45242.png
4042603,Norgaard Moller,Niklas,https://datagolf.com/static/players/headshot_65280.png
4042604,Grillo,Emiliano,https://datagolf.com/static/players/headshot_31646.png
4042605,Woo Kim,Si,https://datagolf.com/static/players/headshot_37455.png
4042606,Schauffele,Xander,https://datagolf.com/static/players/headshot_48081.png
4042607,Kitayama,Kurt,https://datagolf.com/static/players/headshot_48117.png
4042608,Zalatoris,Will,https://datagolf.com/static/players/headshot_47483.png
4042609,Poston,JT,https://datagolf.com/static/players/headshot_49771.png
4042610,MacIntyre,Robert,https://datagolf.com/static/players/headshot_52215.png
4042611,Perez,Victor,https://datagolf.com/static/players/headshot_47679.png
4042612,Rose,Justin,https://datagolf.com/static/players/headshot_22405.png
4042613,Ghim,Doug,https://datagolf.com/static/players/headshot_52375.png
4042614,An,Byeong-Hun,https://datagolf.com/static/players/headshot_33948.png
4042615,Olesen,Thorbjorn,https://datagolf.com/static/players/headshot_33968.png
4042616,Thomas,Justin,https://datagolf.com/static/players/headshot_33448.png
4042617,Greyserman,Max,https://datagolf.com/static/players/headshot_51977.png
4042618,Hojgaard,Rasmus,https://datagolf.com/static/players/headshot_52686.png
4042619,Conners,Corey,https://datagolf.com/static/players/headshot_39997.png
4042621,Kirk,Chris,https://datagolf.com/static/players/headshot_30926.png
4042622,Bradley,Keegan,https://datagolf.com/static/players/headshot_33141.png
4042623,McNealy,Maverick,https://datagolf.com/static/players/headshot_46442.png
4042624,McGreevy,Max,https://datagolf.com/static/players/headshot_51950.png
4042625,Young,Cameron,https://datagolf.com/static/players/headshot_57366.png
4042627,Eckroat,Austin,https://datagolf.com/static/players/headshot_57362.png
4042629,Henley,Russell,https://datagolf.com/static/players/headshot_34098.png
4042630,Hossler,Beau,https://datagolf.com/static/players/headshot_35461.png
4042631,Knapp,Jake,https://datagolf.com/static/players/headshot_47420.png
4042632,Woo Lee,Min,https://datagolf.com/static/players/headshot_37378.png
4042633,Theegala,Sahith,https://datagolf.com/static/players/headshot_51634.png
4042634,Scott,Adam,https://datagolf.com/static/players/headshot_24502.png
4042635,Pendrith,Taylor,https://datagolf.com/static/players/headshot_40250.png
4042636,Glover,Lucas,https://datagolf.com/static/players/headshot_25900.png
4042637,Pavon,Matthieu,https://datagolf.com/static/players/headshot_48153.png
4042638,Kim,Joo-Hyung,https://datagolf.com/static/players/headshot_55182.png
4042639,Cole,Eric,https://datagolf.com/static/players/headshot_47591.png
4042640,Davis,Cam,https://datagolf.com/static/players/headshot_45157.png
4042641,Fleetwood,Tommy,
4042642,Morikawa,Collin,https://datagolf.com/static/players/headshot_50525.png
4042643,Griffin,Ben,https://datagolf.com/static/players/headshot_54591.png
4042644,Hovland,Viktor,https://datagolf.com/static/players/headshot_46717.png
4042645,Rai,Aaron,https://datagolf.com/static/players/headshot_46414.png
4042646,Echavarria,Nicolas,https://datagolf.com/static/players/headshot_51349.png
4042647,Burns,Sam,https://datagolf.com/static/players/headshot_47504.png
4042648,Bhatia,Akshay,https://datagolf.com/static/players/headshot_56630.png
4042649,Lipsky,David,
4042650,Harman,Brian,https://datagolf.com/static/players/headshot_27644.png
4042651,Hisatsune,Ryo,
4042653,Coody,Pierceson,
4042655,Lowry,Shane,
4042656,Campos,Rafael,https://datagolf.com/static/players/headshot_32070.png
4042657,Hoge,Tom,https://datagolf.com/static/players/headshot_35532.png
4042658,Power,Seamus,https://datagolf.com/static/players/headshot_28252.png
4042659,Mitchell,Keith,https://datagolf.com/static/players/headshot_39546.png
4042663,Todd,Brendon,
4042664,Svensson,Adam,
4042665,Jaeger,Stephan,https://datagolf.com/static/players/headshot_36799.png
4042666,Aberg,Ludvig,https://datagolf.com/static/players/headshot_52955.png
4042667,McKibbin,Tom,
4042668,Lee,Kyoung-Hoon,
4042671,Detry,Thomas,https://datagolf.com/static/players/headshot_33653.png
4042672,McCarty,Matthew,https://datagolf.com/static/players/headshot_59141.png
4042673,Manassero,Matteo,
4042675,Fitzpatrick,Matt,https://datagolf.com/static/players/headshot_40098.png
4042677,McIlroy,Rory,
4042679,Straka,Sepp,https://datagolf.com/static/players/headshot_49960.png
4042680,Meissner,Mac,
4042681,McCarthy,Denny,https://datagolf.com/static/players/headshot_47993.png
4042682,Hubbard,Mark,https://datagolf.com/static/players/headshot_36801.png
4042684,Moore,Taylor,https://datagolf.com/static/players/headshot_49947.png
4042686,Hojgaard,Nicolai,
4042688,Fisk,Steven,
4042689,Waring,Paul,
4042690,Kohles,Ben,
4042691,Hodges,Lee,https://datagolf.com/static/players/headshot_54628.png
4042696,Wallace,Matt,
4042697,Putnam,Andrew,https://datagolf.com/static/players/headshot_34256.png
4042698,Finau,Tony,https://datagolf.com/static/players/headshot_29725.png
4042699,Lawrence,Thriston,
4042700,Dunlap,Nick,https://datagolf.com/static/players/headshot_59866.png
4042701,Noren,Alexander,
4042702,Homa,Max,https://datagolf.com/static/players/headshot_39977.png
4042704,Im,Sung-Jae,https://datagolf.com/static/players/headshot_39971.png
4042705,Silverman,Benjamin,
4042706,Blair,Zac,
4042708,Springer,Hayden,
4042709,Malnati,Peter,https://datagolf.com/static/players/headshot_34466.png
4042711,Kuchar,Matt,https://datagolf.com/static/players/headshot_23108.png
4042712,Bridgeman,Jacob,https://datagolf.com/static/players/headshot_60004.png
4042713,Tsung Pan,Cheng,https://datagolf.com/static/players/headshot_29908.png
4042714,Capan,Frankie,https://datagolf.com/static/players/headshot_49590.png
4042716,Young,Carson,
4042717,Schenk,Adam,
4042718,Phillips,Chandler,https://datagolf.com/static/players/headshot_57900.png
4042719,Mouw,William,
4042720,Higgs,Harry,
4042721,Stevens,Sam,https://datagolf.com/static/players/headshot_55893.png
4042722,Whaley,Vince,https://datagolf.com/static/players/headshot_51894.png
4042725,Lashley,Nate,
4042726,Lower,Justin,
4042727,Rosenmuller,Thomas,
4042728,Sigg,Greyson,https://datagolf.com/static/players/headshot_51890.png
4042729,Fishburn,Patrick,https://datagolf.com/static/players/headshot_54576.png
4042730,Campbell,Brian,
4042732,Woodland,Gary,https://datagolf.com/static/players/headshot_31323.png
4042738,Thorbjornsen,Michael,https://datagolf.com/static/players/headshot_57364.png
4042740,Tosti,Alejandro,
4042741,Riley,Davis,https://datagolf.com/static/players/headshot_47995.png
4042742,Hall,Harry,https://datagolf.com/static/players/headshot_57975.png
4042743,Kim,Chan,
4042744,List,Luke,
4042746,Rozner,Antoine,
4042747,Smalley,Alex,
4042748,Hoey,Rico,
4042751,Spaun,J.J.,https://datagolf.com/static/players/headshot_39324.png
4042752,Kim,Michael,https://datagolf.com/static/players/headshot_39975.png
4042753,Hoshino,Rikuya,
4042755,Berger,Daniel,
4042758,Novak,Andrew,
4042760,Norlander,Henrik,
4042761,Kizzire,Patton,https://datagolf.com/static/players/headshot_32757.png
4042762,Valimaki,Sami,
4042764,Highsmith,Joe,https://datagolf.com/static/players/headshot_60067.png
4042765,Dickson,Taylor,
4042766,Widing,Tim,
4042771,NeSmith,Matthew,
4042774,Kanaya,Takumi,
4042776,Tway,Kevin,
4042778,Ryder,Sam,
4042785,Montgomery,Taylor,
4042786,Peterson,Paul,
4042789,Suber,Jackson,
4042792,Dumont,Adrien,
4042793,Cummins,Quade,https://datagolf.com/static/players/headshot_58605.png
4042794,Dahmen,Joel,
4042795,Castillo,Ricky,
4042797,Wu,Dylan,
4042798,Hardy,Nick,
4042801,Schmid,Matthias,
4042802,Moore,Ryan,
4042803,Bryan,Wesley,
4042813,Walker,Danny,
4042820,Garnett,Brice,https://datagolf.com/static/players/headshot_29535.png
4042824,Salinda,Isaiah,
4042825,Higgo,Garrick,
4042827,Bramlett,Joseph,
4042828,Gerard,Ryan,
4042831,Crowe,Trace,
4042833,Yuan,Yechun,
4042835,Svensson,Jesper,https://datagolf.com/static/players/headshot_57586.png
4042837,Laird,Martin,
4042838,Vilips,Karl,
4042839,Wu,Brandon,
4042842,Velo,Kevin,
4042846,Thornberry,Braden,
4042850,Buckley,Hayden,
4042852,Del Solar,Cristobal,
4042853,Pak,John,
4042855,Skinns,David,
4042856,Potgieter,Aldrich,
4042860,Streelman,Kevin,
4042861,Hadley,Chesson,
4042862,Ramey,Chad,
4042874,Roy,Kevin,
4042886,Cone,Trevor,
4042900,Shelton,Robby,
4042905,Griffin,Lanto,
4042923,Merritt,Troy,
4042927,Andersen,Mason,
4042943,Simpson,Webb,
4042945,Onishi,Kaito,
4042946,Paul,Jeremy,
4042962,Goodwin,Noah,
4042964,Ventura,Kristoffer,
4043067,Chandler,Will,
4043073,Snedeker,Brandt,
4043103,Donald,Luke,
4043208,Riedel,Matthew,
4043296,Hoffmann,Morgan,
4043310,Kim,Seunghyuk,
4043522,Kisner,Kevin,
4043549,Sargent,Gordon,
4043645,Woods,Tiger,
,Gotterup,Christopher,https://datagolf.com/static/players/headshot_59095.png
